<?xml version="1.0" encoding="UTF-8"?>
<project-private xmlns="http://www.netbeans.org/ns/project-private/1">
    <editor-bookmarks xmlns="http://www.netbeans.org/ns/editor-bookmarks/2" lastBookmarkId="0"/>
    <open-files xmlns="http://www.netbeans.org/ns/projectui-open-files/2">
        <group>
            <file>file:/C:/Users/HP/Documents/NetBeansProjects/Taller%203/src/PUNTO3/CODIGO3.java</file>
            <file>file:/C:/Users/HP/Documents/NetBeansProjects/Taller%203/src/PUNTO2/CODIGO2.java</file>
            <file>file:/C:/Users/HP/Documents/NetBeansProjects/Taller%203/src/PUNTO1/CODIGO1.java</file>
            <file>file:/C:/Users/HP/Documents/NetBeansProjects/Taller%203/src/PUNTO4/CODIGO4.java</file>
            <file>file:/C:/Users/HP/Documents/NetBeansProjects/Taller%203/src/PUNTO5/CODIGO5.java</file>
        </group>
    </open-files>
</project-private>
